{"cameraMode":{"drawMode":0,"name":"Shaded","section":"Shading Mode"},"sceneLighting":true,"audioPlay":false,"sceneViewState":{"showFog":true,"showMaterialUpdate":false,"showSkybox":true,"showFlares":true,"showImageEffects":true,"showParticleSystems":true,"showVisualEffectGraphs":true},"in2DMode":false,"pivot":{"x":19.19619369506836,"y":63.67235565185547,"z":-101.58912658691406},"rotation":{"x":-0.10251311212778092,"y":-0.11139849573373795,"z":0.011553836986422539,"w":-0.9884089231491089},"size":3.9236838817596437,"orthographic":false}